Team,Most Games,Most Field Goals,Most Rebounds,Most Assists,Most Steals,Most Blocks
ATL,Dominique Wilkins,Dominique Wilkins,Bob Pettit,Doc Rivers,Mookie Blaylock,Tree Rollins
BOS,John Havlicek,John Havlicek,Bill Russell,Bob Cousy,Paul Pierce,Robert Parish
BKN,Buck Williams,Brook Lopez,Buck Williams,Jason Kidd,Jason Kidd,Brook Lopez
CHA,Dell Curry,Kemba Walker,Emeka Okafor,Muggsy Bogues,Muggsy Bogues,Alonzo Mourning
CHI,Michael Jordan,Michael Jordan,Michael Jordan,Michael Jordan,Michael Jordan,Artis Gilmore
CLE,LeBron James,LeBron James,LeBron James,LeBron James,LeBron James,Zydrunas Ilgauskas
DAL,Dirk Nowitzki,Dirk Nowitzki,Dirk Nowitzki,Derek Harper,Derek Harper,Dirk Nowitzki
DEN,Alex English,Alex English,Dan Issel,Alex English,Fat Lever,Dikembe Mutombo
DET,Joe Dumars,Isiah Thomas,Bill Laimbeer,Isiah Thomas,Isiah Thomas,Ben Wallace
GSW,Chris Mullin,Wilt Chamberlain,Nate Thurmond,Guy Rodgers,Chris Mullin,Adonal Foyle
HOU,Hakeem Olajuwon,Hakeem Olajuwon,Hakeem Olajuwon,James Harden,Hakeem Olajuwon,Hakeem Olajuwon
IND,Reggie Miller,Reggie Miller,Mel Daniels,Reggie Miller,Reggie Miller,Jermaine O'Neal
LAC,DeAndre Jordan,Randy Smith,DeAndre Jordan,Chris Paul,Randy Smith,DeAndre Jordan
LAL,Kobe Bryant,Kobe Bryant,Elgin Baylor,Magic Johnson,Kobe Bryant,Kareem Abdul-Jabbar
MEM,Mike Conley,Marc Gasol,Marc Gasol,Mike Conley,Mike Conley,Marc Gasol
MIA,Dwyane Wade,Dwyane Wade,Udonis Haslem,Dwyane Wade,Dwyane Wade,Alonzo Mourning
MIL,Junior Bridgeman,Kareem Abdul-Jabbar,Kareem Abdul-Jabbar,Paul Pressey,Quinn Buckner,Alton Lister
MIN,Kevin Garnett,Kevin Garnett,Kevin Garnett,Kevin Garnett,Kevin Garnett,Kevin Garnett
NOP,David West,Anthony Davis,Anthony Davis,Chris Paul,Chris Paul,Anthony Davis
NYK,Patrick Ewing,Patrick Ewing,Patrick Ewing,Walt Frazier,Patrick Ewing,Patrick Ewing
OKC,Gary Payton,Gary Payton,Jack Sikma,Gary Payton,Gary Payton,Serge Ibaka
ORL,Nick Anderson,Nick Anderson,Dwight Howard,Jameer Nelson,Nick Anderson,Dwight Howard
PHI,Hal Greer,Hal Greer,Dolph Schayes,Maurice Cheeks,Maurice Cheeks,Julius Erving
PHO,Alvan Adams,Walter Davis,Alvan Adams,Steve Nash,Alvan Adams,Larry Nance
POR,Clyde Drexler,Clyde Drexler,LaMarcus Aldridge,Terry Porter,Clyde Drexler,Mychal Thompson
SAC,Sam Lacey,Oscar Robertson,Sam Lacey,Oscar Robertson,Sam Lacey,Sam Lacey
SAS,Tim Duncan,Tim Duncan,Tim Duncan,Tony Parker,Manu Gin√≥bili,Tim Duncan
TOR,DeMar DeRozan,DeMar DeRozan,Chris Bosh,Kyle Lowry,Kyle Lowry,Chris Bosh
UTA,John Stockton,Karl Malone,Karl Malone,John Stockton,John Stockton,Mark Eaton
WAS,Wes Unseld,Elvin Hayes,Wes Unseld,John Wall,John Wall,Elvin Hayes
